Left_Hand_Side,Right_Hand_Side,Support,Confidence,Lift
jay-z,nas,0.0106,0.34945054945054943,14.052971157528798
rihanna,the pussycat dolls,0.0104,0.2414860681114551,13.415892672858618
beyoncé,rihanna,0.013933333333333334,0.46860986547085204,10.88103402796096
katy perry,lady gaga,0.0102,0.33552631578947373,9.92681407661165
morrissey,the smiths,0.011266666666666666,0.465564738292011,8.896141496025688
t.i.,kanye west,0.0104,0.5672727272727273,8.854413016743923
kylie minogue,madonna,0.010933333333333333,0.478134110787172,8.757034996102051
a perfect circle,tool,0.016266666666666665,0.44283121597096187,8.717149920688225
iron maiden,judas priest,0.013533333333333333,0.22834645669291337,8.56299212598425
fall out boy,panic at the disco,0.011533333333333333,0.22322580645161288,8.413032906467823
lady gaga,rihanna,0.012066666666666667,0.3570019723865878,8.289519482660706
beyoncé,britney spears,0.011266666666666666,0.3789237668161435,8.249428885692529
nightwish,sonata arctica,0.013466666666666667,0.21743810548977396,8.23629187461265
britney spears,rihanna,0.016133333333333333,0.35123367198838895,8.15558061892544
children of bodom,in flames,0.013,0.4012345679012346,8.111210941399621
koЯn,limp bizkit,0.010933333333333333,0.2219215155615697,7.814137871886256
jay-z,kanye west,0.015066666666666667,0.4967032967032967,7.752913059884965
britney spears,lady gaga,0.012,0.2612481857764877,7.729236265576559
aphex twin,boards of canada,0.012266666666666667,0.3194444444444445,7.617912029676735
justin timberlake,rihanna,0.010866666666666667,0.32149901380670615,7.465147379412681
blink-182,sum 41,0.014133333333333333,0.24537037037037038,7.420474910394265
nelly furtado,rihanna,0.011666666666666667,0.31876138433515483,7.401580131621242
the decemberists,the shins,0.0116,0.36477987421383645,7.384207980037175
iron & wine,sufjan stevens,0.011466666666666667,0.36595744680851067,7.358393702583995
iron maiden,megadeth,0.013266666666666666,0.22384701912260965,7.26776036112369
koЯn,slipknot,0.015933333333333334,0.32341001353179977,7.1762576967115335
franz ferdinand,kaiser chiefs,0.0132,0.22247191011235953,7.115306293572267
nas,kanye west,0.0104,0.41823056300268097,6.528052492237476
the shins,radiohead,0.010066666666666666,0.203778677462888,6.476017292252797
sufjan stevens,the decemberists,0.010133333333333333,0.2037533512064343,6.407338088252651
fall out boy,my chemical romance,0.013733333333333334,0.2658064516129032,6.328725038402458
disturbed,slipknot,0.011733333333333333,0.27892234548335976,6.189105299186977
disturbed,koЯn,0.012533333333333334,0.2979397781299524,6.047492113598493
keane,snow patrol,0.0104,0.29770992366412213,5.9069429298436935
ramones,the clash,0.010466666666666668,0.2586490939044481,5.905230454439455
modest mouse,the shins,0.015066666666666667,0.2908622908622909,5.887900624742731
the rolling stones,the who,0.012733333333333333,0.2023305084745763,5.814095071108515
led zeppelin,the doors,0.010666666666666666,0.3333333333333333,5.787037037037037
elliott smith,sufjan stevens,0.011733333333333333,0.2875816993464052,5.782473847447826
bright eyes,sufjan stevens,0.010866666666666667,0.2874779541446208,5.78038781792133
the postal service,death cab for cutie,0.015333333333333332,0.46938775510204084,5.771160923385748
pixies,sonic youth,0.0108,0.2168674698795181,5.717068625997841
neil young,bob dylan,0.011733333333333333,0.3955056179775281,5.704407951598963
slayer,iron maiden,0.011266666666666666,0.33531746031746035,5.657774920992019
justice,daft punk,0.014533333333333334,0.42661448140900193,5.613348439592131
thievery corporation,massive attack,0.0108,0.3592017738359202,5.600859259395845
sufjan stevens,the shins,0.013666666666666667,0.27479892761394104,5.5627313282174295
black sabbath,iron maiden,0.012466666666666666,0.32807017543859646,5.535492273992066
belle and sebastian,sufjan stevens,0.013533333333333333,0.2750677506775068,5.530852895660324
bright eyes,modest mouse,0.0108,0.28571428571428575,5.515719801434088
explosions in the sky,sigur rós,0.010066666666666666,0.3822784810126582,5.508335461277496
sum 41,the offspring,0.010666666666666666,0.3225806451612903,5.467468562055768
bright eyes,the shins,0.0102,0.2698412698412699,5.462373883426516
jimi hendrix,led zeppelin,0.017,0.4314720812182742,5.447879813362047
jimi hendrix,the doors,0.012066666666666667,0.3062605752961083,5.3170238766685465
britney spears,madonna,0.013333333333333334,0.2902757619738752,5.316405896957422
kaiser chiefs,arctic monkeys,0.012533333333333334,0.4008528784648188,5.3116547499755145
aerosmith,ac/dc,0.011,0.3254437869822485,5.3003874101343404
fall out boy,paramore,0.012466666666666666,0.24129032258064514,5.2992018136305665
elliott smith,the shins,0.010666666666666666,0.261437908496732,5.292265354184858
the beatles,the rolling stones,0.011466666666666667,0.33268858800773693,5.286365275546668
avril lavigne,britney spears,0.010333333333333333,0.2421875,5.2725870827285926
children of bodom,nightwish,0.010533333333333334,0.32510288065843623,5.249239192547409
the decemberists,death cab for cutie,0.013466666666666667,0.42348008385744235,5.206722342509537
elliott smith,modest mouse,0.010933333333333333,0.2679738562091503,5.173240467358115
avril lavigne,evanescence,0.0114,0.2671875,5.171370967741936
goldfrapp,air,0.0116,0.35876288659793815,5.154639175257732
arcade fire,sufjan stevens,0.012133333333333333,0.2549019607843137,5.125374546601482
broken social scene,death cab for cutie,0.011466666666666667,0.41646489104116224,5.120469971817569
deep purple,led zeppelin,0.010866666666666667,0.4024691358024691,5.0816810076069325
arctic monkeys,the kooks,0.018533333333333332,0.24558303886925792,5.08102839039844
led zeppelin,the rolling stones,0.010666666666666666,0.3187250996015936,5.064487811466001
nelly furtado,madonna,0.010066666666666666,0.2750455373406193,5.037464053857496
joy division,the smiths,0.0118,0.26339285714285715,5.032984531392175
snow patrol,coldplay,0.0104,0.20634920634920634,5.02473716759431
coldplay,the killers,0.0106,0.4922600619195046,5.012831587774996
massive attack,portishead,0.021066666666666668,0.3284823284823285,5.007352568328178
david bowie,the rolling stones,0.01,0.31512605042016806,5.007299529981484
the velvet underground,bob dylan,0.010466666666666668,0.3458149779735683,4.987716028464928
audioslave,foo fighters,0.0104,0.3653395784543325,4.98190334255908
death cab for cutie,the shins,0.02,0.24590163934426232,4.977765978628792
bright eyes,death cab for cutie,0.0152,0.4021164021164021,4.944054124381993
apocalyptica,nightwish,0.0108,0.30451127819548873,4.916759066665588
kaiser chiefs,the killers,0.015066666666666667,0.4818763326226013,4.907090963570279
coldplay,the killers,0.011066666666666667,0.4811594202898551,4.899790430650255
black sabbath,ac/dc,0.011333333333333334,0.29824561403508776,4.85742042402423
belle and sebastian,the shins,0.0118,0.23983739837398374,4.855008064250683
the chemical brothers,the prodigy,0.0134,0.3018018018018018,4.852119000028967
in flames,slipknot,0.0108,0.2183288409703504,4.84457487360245
arcade fire,modest mouse,0.011866666666666666,0.24929971988795516,4.81273590517288
papa roach,linkin park,0.013133333333333334,0.4712918660287081,4.799306171371773
koЯn,marilyn manson,0.011466666666666667,0.2327469553450609,4.7759293162461205
koЯn,system of a down,0.0214,0.43437077131258456,4.773305179259171
arcade fire,the shins,0.0112,0.2352941176470588,4.763038818766373
megadeth,metallica,0.016266666666666665,0.5281385281385281,4.743759234777198
air,röyksopp,0.015066666666666667,0.21647509578544064,4.740330564644685
mogwai,sigur rós,0.011466666666666667,0.32887189292543023,4.738788082498995
madonna,rihanna,0.011133333333333334,0.2039072039072039,4.7346873972260966
arctic monkeys,the killers,0.011066666666666667,0.46368715083798884,4.721865079816587
the who,led zeppelin,0.012933333333333333,0.3716475095785441,4.692519060335152
bloc party,interpol,0.0154,0.23053892215568864,4.629295625616238
coldplay,the killers,0.012333333333333333,0.4545454545454546,4.628772449546381
feist,sufjan stevens,0.0112,0.22982216142270864,4.6210890366496375
sum 41,green day,0.0108,0.32661290322580644,4.608836828209875
iron & wine,death cab for cutie,0.011733333333333333,0.374468085106383,4.604115800488316
limp bizkit,linkin park,0.0128,0.4507042253521127,4.589656062648806
arctic monkeys,the strokes,0.0186,0.24646643109540634,4.564193168433451
arcade fire,interpol,0.0108,0.226890756302521,4.556039283183153
interpol,the strokes,0.0122,0.24497991967871488,4.53666517923546
blink-182,fall out boy,0.013466666666666667,0.2337962962962963,4.525089605734768
slipknot,system of a down,0.018533333333333332,0.41124260355029585,4.519149489563691
breaking benjamin,linkin park,0.0108,0.4426229508196721,4.507362024640246
iron maiden,metallica,0.0296,0.49943757030371205,4.485966200332743
jimi hendrix,the rolling stones,0.011066666666666667,0.28087986463620984,4.463133442312657
bob dylan,the rolling stones,0.0194,0.2798076923076923,4.446096805736636
judas priest,metallica,0.013133333333333334,0.4925,4.423652694610778
the kooks,the strokes,0.011533333333333333,0.2386206896551724,4.41890166028097
modest mouse,sufjan stevens,0.011333333333333334,0.21879021879021882,4.399267133851585
arctic monkeys,franz ferdinand,0.019666666666666666,0.2606007067137809,4.3921467423670935
the chemical brothers,daft punk,0.0148,0.3333333333333333,4.385964912280701
pink floyd,the doors,0.01,0.25210084033613445,4.376750700280112
the chemical brothers,moby,0.011733333333333333,0.26426426426426425,4.356004356004355
death cab for cutie,sufjan stevens,0.0176,0.21639344262295085,4.351074583571398
coldplay,the killers,0.011133333333333334,0.42710997442455245,4.349388741594221
mgmt,kings of leon,0.011466666666666667,0.2621951219512195,4.326652177412863
bloc party,the strokes,0.0156,0.23353293413173654,4.324683965402529
led zeppelin,pink floyd,0.0112,0.4528301886792453,4.315408405456594
franz ferdinand,the strokes,0.0138,0.23258426966292134,4.307116104868914
green day,the offspring,0.018,0.2539981185324553,4.305052856482293
bloc party,the kooks,0.013866666666666666,0.20758483033932135,4.29485855874458
evanescence,nightwish,0.013666666666666667,0.2645161290322581,4.270981631306642
slayer,metallica,0.015933333333333334,0.47420634920634924,4.259338465925293
marilyn manson,rammstein,0.014533333333333334,0.2982216142270862,4.256255198293333
a perfect circle,nine inch nails,0.010333333333333333,0.2813067150635209,4.232297618809241
disturbed,system of a down,0.0162,0.3851030110935023,4.231901220807718
death cab for cutie,modest mouse,0.017733333333333334,0.2180327868852459,4.209127159946832
joy division,the cure,0.014266666666666667,0.318452380952381,4.193841715790794
koЯn,rammstein,0.014466666666666666,0.2936400541271989,4.19086661456516
the chemical brothers,massive attack,0.011933333333333334,0.26876876876876876,4.190781217808245
air,massive attack,0.018666666666666668,0.26819923371647514,4.181900733624873
feist,the shins,0.010066666666666666,0.20656634746922026,4.181505009498386
nine inch nails,tool,0.014066666666666667,0.21163490471414245,4.166041431380757
black sabbath,led zeppelin,0.012533333333333334,0.3298245614035088,4.164451532872586
ac/dc,iron maiden,0.015133333333333334,0.24647122692725298,4.158682119132503
blink-182,green day,0.016933333333333335,0.2939814814814815,4.1483746210933425
pixies,the smiths,0.0108,0.2168674698795181,4.143964392602257
röyksopp,moby,0.011466666666666667,0.2510948905109489,4.138926766663993
good charlotte,linkin park,0.010133333333333333,0.40533333333333327,4.127630685675491
pantera,metallica,0.012466666666666666,0.45945945945945943,4.126881372390354
pearl jam,the smashing pumpkins,0.011933333333333334,0.2528248587570622,4.126629903542908
the cure,the smiths,0.01633333333333333,0.21510096575943807,4.110209536804549
keane,the killers,0.014066666666666667,0.40267175572519087,4.100527044044714
the kooks,kings of leon,0.011933333333333334,0.24689655172413794,4.074200523500626
black sabbath,metallica,0.0172,0.45263157894736844,4.06555310431768
keane,coldplay,0.022266666666666667,0.6374045801526719,4.020634441669503
bloc party,kings of leon,0.016266666666666665,0.2435129740518962,4.018365908447132
beck,modest mouse,0.011866666666666666,0.2064965197215777,3.9864192996443575
oasis,coldplay,0.012733333333333333,0.2175398633257403,3.9842465810575143
sum 41,linkin park,0.012933333333333333,0.3911290322580645,3.9829840352145065
arctic monkeys,bloc party,0.020066666666666667,0.2659010600706714,3.9805547914771164
björk,portishead,0.016666666666666666,0.2609603340292275,3.9780538723967607
coldplay,the killers,0.015133333333333334,0.3900343642611684,3.971836703270554
tom waits,bob dylan,0.0122,0.27436281859070466,3.957156037365933
belle and sebastian,the smiths,0.010133333333333333,0.2059620596205962,3.9355807570814556
in flames,iron maiden,0.011533333333333333,0.23315363881401616,3.9339759079980228
the who,david bowie,0.010066666666666666,0.289272030651341,3.9267696468507824
led zeppelin,the doors,0.017866666666666666,0.22558922558922556,3.916479610924055
paramore,blink-182,0.010266666666666667,0.22547584187408493,3.914511143647308
kings of leon,the strokes,0.0128,0.21122112211221122,3.9115022613372448
the kooks,franz ferdinand,0.0112,0.2317241379310345,3.90546299883766
mgmt,bloc party,0.0114,0.2606707317073171,3.9022564626843876
nightwish,rammstein,0.016933333333333335,0.27341227125941875,3.902173233959354
30 seconds to mars,linkin park,0.012533333333333334,0.38211382113821135,3.8911794413259813
beck,radiohead,0.013,0.2262180974477958,3.8869088908555978
motörhead,metallica,0.010133333333333333,0.4293785310734463,3.856693392875266
led zeppelin,pink floyd,0.032,0.40404040404040403,3.8504485772592507
koЯn,rage against the machine,0.01,0.2029769959404601,3.849121288377878
the kooks,the killers,0.018266666666666667,0.37793103448275867,3.848584872533184
bob dylan,johnny cash,0.016,0.23076923076923078,3.8333759263991825
coldplay,red hot chili peppers,0.010733333333333333,0.4535211267605634,3.808968029903948
massive attack,moby,0.0148,0.23076923076923078,3.8038884192730347
eminem,kanye west,0.010866666666666667,0.2429210134128167,3.791691156287462
queens of the stone age,foo fighters,0.013733333333333334,0.2776280323450135,3.7858368047047293
david bowie,the rolling stones,0.017533333333333335,0.23800904977375567,3.781923460388067
the shins,beck,0.010733333333333333,0.21727395411605938,3.780869271161126
guns n roses,metallica,0.011866666666666666,0.419811320754717,3.770760366060332
coldplay,muse,0.0116,0.4275184275184275,3.747969849664765
rihanna,kanye west,0.010333333333333333,0.23993808049535603,3.745131329271947
in flames,nightwish,0.011466666666666667,0.23180592991913748,3.7428298695232103
coldplay,red hot chili peppers,0.0104,0.4444444444444444,3.7327360955580438
coldplay,placebo,0.0112,0.28865979381443296,3.7262451869332995
boards of canada,air,0.010866666666666667,0.2591414944356121,3.7232973338450015
the shins,radiohead,0.010666666666666666,0.21592442645074222,3.710041691593509
nickelback,linkin park,0.0144,0.3642495784148398,3.709262509316088
snow patrol,oasis,0.010933333333333333,0.21693121693121692,3.7061141844740932
led zeppelin,the rolling stones,0.018466666666666666,0.23316498316498313,3.7049520630029105
dream theater,metallica,0.013666666666666667,0.4124748490945674,3.70486391402306
incubus,foo fighters,0.014533333333333334,0.27114427860696516,3.6974219810040703
the who,queen,0.01,0.2873563218390805,3.696693677175135
evanescence,linkin park,0.018666666666666668,0.3612903225806452,3.679127521187833
iron maiden,nightwish,0.013466666666666667,0.22722159730033745,3.668809428961315
rammstein,system of a down,0.023333333333333334,0.3330161750713606,3.6595184073775893
franz ferdinand,the killers,0.021266666666666666,0.35842696629213483,3.6499691068445506
dire straits,pink floyd,0.010466666666666668,0.3829268292682927,3.6492391607524715
blink-182,the offspring,0.0124,0.21527777777777776,3.6487758945386064
3 doors down,linkin park,0.011066666666666667,0.3577586206896552,3.6431631434791774
sufjan stevens,sigur rós,0.012533333333333334,0.2520107238605898,3.631278441795242
my chemical romance,green day,0.0108,0.2571428571428571,3.6285445504636473
coldplay,the killers,0.010866666666666667,0.355119825708061,3.6162915041554076
slipknot,rammstein,0.0114,0.2529585798816568,3.610255659585968
interpol,franz ferdinand,0.010666666666666666,0.214190093708166,3.6099453995758313
sufjan stevens,beck,0.010266666666666667,0.20643431635388743,3.5922444841163705
röyksopp,daft punk,0.012466666666666666,0.272992700729927,3.592009220130618
ac/dc,led zeppelin,0.017466666666666665,0.2844733984799131,3.591835839392842
pearl jam,foo fighters,0.0124,0.2627118644067797,3.582434514637905
bullet for my valentine,linkin park,0.010133333333333333,0.3510392609699769,3.574737891751292
disturbed,rammstein,0.010533333333333334,0.25039619651347067,3.57368501208569
arctic monkeys,kings of leon,0.01633333333333333,0.2164310954063604,3.5714702212270693
sigur rós,radiohead,0.010466666666666668,0.6434426229508198,3.5693932486177133
children of bodom,metallica,0.012866666666666667,0.39711934156378603,3.5669401936867007
marilyn manson,nine inch nails,0.011533333333333333,0.23666210670314639,3.5606134408698056
interpol,kings of leon,0.010733333333333333,0.21552878179384202,3.5565805576541587
röyksopp,massive attack,0.0104,0.22773722627737225,3.5509962517261786
travis,coldplay,0.013733333333333334,0.5628415300546448,3.5503040163245045
the clash,bob dylan,0.010733333333333333,0.2450532724505327,3.5344221988057605
snow patrol,the killers,0.017466666666666665,0.3465608465608465,3.529132857035097
belle and sebastian,bob dylan,0.012,0.24390243902439024,3.5178236397748592
the strokes,the white stripes,0.013133333333333334,0.24320987654320989,3.514593591664883
the strokes,the killers,0.0186,0.34444444444444444,3.507580900656257
the doors,the rolling stones,0.012666666666666666,0.2199074074074074,3.4942914312617708
r.e.m.,u2,0.011666666666666667,0.23744911804613297,3.491898794796073
elliott smith,death cab for cutie,0.011533333333333333,0.2826797385620915,3.4755705560912893
nine inch nails,the smashing pumpkins,0.014133333333333333,0.21263791374122368,3.470695001216926
disturbed,linkin park,0.014333333333333333,0.34072900158478603,3.4697454336536255
jimi hendrix,pink floyd,0.014333333333333333,0.3637901861252115,3.466869626352079
arcade fire,kings of leon,0.01,0.21008403361344538,3.4667332279446432
fall out boy,green day,0.012666666666666666,0.24516129032258063,3.459472582162474
pink floyd,the beatles,0.010333333333333333,0.6150793650793651,3.4580923823802387
metallica,red hot chili peppers,0.0104,0.41160949868073876,3.4569666742503253
bob dylan,radiohead,0.013866666666666666,0.2,3.436426116838488
the who,pink floyd,0.012533333333333334,0.3601532567049809,3.4322101973155736
coldplay,u2,0.010333333333333333,0.23308270676691728,3.4276868642193716
pearl jam,nirvana,0.015866666666666668,0.3361581920903955,3.423199512122154
arcade fire,bloc party,0.010866666666666667,0.22829131652661064,3.4175346785420757
beirut,sigur rós,0.010066666666666666,0.2370486656200942,3.415686824497034
queens of the stone age,the white stripes,0.011666666666666667,0.2358490566037736,3.408223361326208
interpol,death cab for cutie,0.0138,0.27710843373493976,3.4070709065771285
björk,massive attack,0.013933333333333334,0.21816283924843424,3.401707472688684
arctic monkeys,the killers,0.0252,0.3339222614840989,3.400430361345203
the smiths,david bowie,0.013066666666666667,0.24968152866242038,3.3893420180419054
air,portishead,0.015466666666666667,0.22222222222222224,3.3875338753387534
the chemical brothers,air,0.010466666666666668,0.23573573573573575,3.3870076973525256
depeche mode,the cure,0.019333333333333334,0.25618374558303886,3.37379822980297
disturbed,metallica,0.015666666666666666,0.37242472266244053,3.3451322394829988
modest mouse,bloc party,0.011533333333333333,0.22265122265122264,3.333102135497345
deep purple,metallica,0.01,0.3703703703703704,3.32667997338656
queens of the stone age,nine inch nails,0.010933333333333333,0.2210242587601078,3.3253399011049325
marilyn manson,system of a down,0.014733333333333333,0.3023255813953488,3.3222591362126246
snow patrol,coldplay,0.026466666666666666,0.5251322751322751,3.312440759875579
audioslave,red hot chili peppers,0.0112,0.39344262295081966,3.304389330494006
koЯn,metallica,0.01806666666666667,0.3667117726657646,3.2938183173571667
feist,amy winehouse,0.010066666666666666,0.20656634746922026,3.2927685568951155
the offspring,system of a down,0.017666666666666667,0.2994350282485876,3.290494815918545
arcade fire,sigur rós,0.010866666666666667,0.22829131652661064,3.2895002381356
bloc party,death cab for cutie,0.017866666666666666,0.26746506986027946,3.2885049572985183
interpol,arctic monkeys,0.012333333333333333,0.24765729585006696,3.28167794854329
avril lavigne,linkin park,0.013733333333333334,0.321875,3.277749490835031
the doors,pink floyd,0.0198,0.34375000000000006,3.2758894536213474
the shins,bloc party,0.0108,0.21862348178137653,3.272806613493661
coldplay,the smashing pumpkins,0.010933333333333333,0.20024420024420023,3.2684037036594162
björk,sigur rós,0.014466666666666666,0.2265135699373695,3.26388429304567
the fray,coldplay,0.011266666666666666,0.5168195718654434,3.2600057098324853
rage against the machine,system of a down,0.0156,0.29582806573957016,3.2508578652700018
ac/dc,metallica,0.022066666666666665,0.3593919652551574,3.2280715442080004
david bowie,the beatles,0.010066666666666666,0.5741444866920151,3.2279487632609545
bloc party,the killers,0.021133333333333334,0.3163672654690619,3.2216625811513433
foo fighters,green day,0.016733333333333333,0.22818181818181818,3.219875138972035
franz ferdinand,bloc party,0.012733333333333333,0.2146067415730337,3.2126757720514028
bob dylan,david bowie,0.0164,0.23653846153846156,3.210929342151062
arcade fire,death cab for cutie,0.0124,0.26050420168067223,3.2029205124672817
my chemical romance,linkin park,0.0132,0.3142857142857143,3.200465522257783
the smashing pumpkins,the cure,0.014866666666666667,0.2426550598476605,3.195632921610981
in flames,rammstein,0.011066666666666667,0.22371967654986524,3.19295447026449
joy division,david bowie,0.010533333333333334,0.23511904761904764,3.191661279896574
coldplay,sigur rós,0.012066666666666667,0.221001221001221,3.184455634023357
muse,placebo,0.028066666666666667,0.24605493863237873,3.176268570985956
mgmt,arctic monkeys,0.010466666666666668,0.23932926829268295,3.1713242264931485
radiohead,the beatles,0.0106,0.5638297872340425,3.169957574404287
opeth,metallica,0.011933333333333334,0.3516699410609037,3.158712045457219
apocalyptica,metallica,0.012466666666666666,0.3515037593984962,3.157219395794876
pixies,the white stripes,0.010866666666666667,0.21820615796519413,3.1532681786877768
in flames,metallica,0.017333333333333333,0.3504043126684636,3.147344125764643
mgmt,the killers,0.013466666666666667,0.3079268292682927,3.1357110923451392
air,björk,0.013933333333333334,0.20019157088122608,3.1345235524200326
rage against the machine,foo fighters,0.012066666666666667,0.22882427307206069,3.120330996437191
oasis,arctic monkeys,0.013733333333333334,0.234624145785877,3.1089771968093243
kaiser chiefs,muse,0.011066666666666667,0.3539445628997868,3.102962269723438
pixies,the cure,0.011733333333333333,0.2356091030789826,3.102841568204336
franz ferdinand,the white stripes,0.012733333333333333,0.2146067415730337,3.1012534909397935
tom waits,david bowie,0.010133333333333333,0.22788605697151423,3.0934758864911434
snow patrol,bloc party,0.0104,0.20634920634920634,3.0890599752875203
koЯn,linkin park,0.014933333333333333,0.30311231393775373,3.086683441321321
coldplay,u2,0.0114,0.2087912087912088,3.0704589528118937
slipknot,metallica,0.015333333333333332,0.34023668639053256,3.0560181412323284
belle and sebastian,death cab for cutie,0.0122,0.24796747967479676,3.0487804878048785
radiohead,the white stripes,0.012266666666666667,0.21076746849942726,3.0457726661766946
the smashing pumpkins,foo fighters,0.013666666666666667,0.22306855277475518,3.0418439014739342
snow patrol,death cab for cutie,0.012466666666666666,0.24735449735449733,3.0412438199323444
broken social scene,radiohead,0.015066666666666667,0.5472154963680388,3.0355889221599788
radiohead,the killers,0.0128,0.2976744186046512,3.0313077250982814
gorillaz,daft punk,0.013,0.23022432113341204,3.029267383334369
oasis,foo fighters,0.013,0.22209567198177677,3.0285773452060467
the doors,bob dylan,0.012066666666666667,0.20949074074074076,3.0215010683760686
pixies,david bowie,0.011066666666666667,0.22222222222222224,3.0165912518853695
kings of leon,the killers,0.017866666666666666,0.2948294829482948,3.002336893567157
oasis,u2,0.011866666666666666,0.20273348519362186,2.9813747822591448
the kinks,the beatles,0.0136,0.5298701298701298,2.9790299655367116
pearl jam,led zeppelin,0.011133333333333334,0.23587570621468928,2.9782286138218343
led zeppelin,the beatles,0.013066666666666667,0.5283018867924528,2.9702130067041947
modest mouse,the white stripes,0.0106,0.20463320463320464,2.9571272345838824
simon & garfunkel,the beatles,0.0154,0.5238095238095238,2.9449560933818804
the flaming lips,radiohead,0.013066666666666667,0.5297297297297298,2.938589477051016
david bowie,the beatles,0.013933333333333334,0.5225,2.9375937031484254
eminem,linkin park,0.012866666666666667,0.28763040238450077,2.929026500860497
oasis,the killers,0.0168,0.2870159453302961,2.9227693007158466
james blunt,coldplay,0.011666666666666667,0.46296296296296297,2.920287823567891
rage against the machine,nirvana,0.015066666666666667,0.28571428571428575,2.9095141111434395
blur,radiohead,0.017533333333333335,0.5228628230616302,2.900496429705789
metallica,system of a down,0.029333333333333333,0.26347305389221554,2.895308284529841
moby,air,0.0122,0.2010989010989011,2.889352027283062
the white stripes,arctic monkeys,0.015066666666666667,0.21772639691714837,2.88506709695868
coldplay,the killers,0.012533333333333334,0.28270676691729324,2.8788876468156137
damien rice,coldplay,0.015,0.45454545454545453,2.8671916813212017
coldplay,the killers,0.010866666666666667,0.2815198618307426,2.866801036972939
in flames,system of a down,0.012866666666666667,0.2601078167115903,2.858327656171322
interpol,the cure,0.0108,0.2168674698795181,2.8560246252789914
foo fighters,red hot chili peppers,0.0248,0.3381818181818182,2.840272829074621
nirvana,red hot chili peppers,0.01,0.33783783783783783,2.8373838564208103
david bowie,the cure,0.015866666666666668,0.2153846153846154,2.83649625177281
paramore,linkin park,0.012666666666666666,0.2781844802342606,2.8328358475993953
beck,radiohead,0.029266666666666667,0.5092807424593968,2.8251520476667724
the beatles,radiohead,0.0138,0.5073529411764706,2.814457883745214
fall out boy,linkin park,0.014266666666666667,0.2761290322580645,2.8119046054792722
coldplay,the killers,0.015066666666666667,0.27594627594627597,2.8100435432410995
oasis,coldplay,0.026066666666666665,0.44533029612756264,2.8090641050939613
feist,death cab for cutie,0.011133333333333334,0.22845417236662108,2.8088627749994397
bob dylan,led zeppelin,0.0154,0.22211538461538463,2.8044871794871793
bob dylan,the beatles,0.034466666666666666,0.4971153846153846,2.794876600161458
keane,muse,0.011133333333333334,0.31870229007633594,2.79400020522796
john mayer,coldplay,0.013733333333333334,0.44206008583690987,2.7884362016625936
ramones,nirvana,0.011066666666666667,0.2734761120263592,2.784889124504676
the rolling stones,queen,0.0136,0.21610169491525424,2.780038956885775
the who,the beatles,0.0172,0.4942528735632184,2.7787830222819623
air,daft punk,0.014666666666666666,0.210727969348659,2.772736438798145
arctic monkeys,muse,0.023866666666666668,0.31625441696113077,2.772540183762105
jason mraz,coldplay,0.012533333333333334,0.4392523364485981,2.770725419145909
tool,system of a down,0.0128,0.25196850393700787,2.7688846586484384
interpol,the killers,0.013533333333333333,0.2717536813922356,2.767349097680607
spoon,radiohead,0.0108,0.49846153846153846,2.7651342740100135
my chemical romance,the killers,0.0114,0.2714285714285714,2.764038405586267
the strokes,death cab for cutie,0.012133333333333333,0.22469135802469134,2.7625986642380087
kings of leon,foo fighters,0.012266666666666667,0.20242024202420242,2.7602760276027603
foo fighters,nirvana,0.019866666666666668,0.27090909090909093,2.758748379929643
the doors,nirvana,0.0156,0.2708333333333333,2.757976917854718
andrew bird,radiohead,0.0112,0.49704142011834324,2.757256398585484
r.e.m.,the cure,0.010266666666666667,0.208955223880597,2.751824721869144
u2,queen,0.014533333333333334,0.21372549019607842,2.7494702855413173
rammstein,metallica,0.0214,0.3054234062797336,2.743324008500601
the offspring,foo fighters,0.011866666666666666,0.20112994350282487,2.7426810477657937
slipknot,linkin park,0.012133333333333333,0.2692307692307692,2.7416575278082407
led zeppelin,the beatles,0.0156,0.4875,2.740817091454273
nightwish,metallica,0.018866666666666667,0.30462863293864373,2.736185325796201
the rolling stones,pink floyd,0.01806666666666667,0.28707627118644075,2.735796739387936
sigur rós,radiohead,0.0342,0.49279538904899134,2.73370223215047
queen,the beatles,0.0104,0.48598130841121495,2.7322787204528574
aerosmith,metallica,0.010266666666666667,0.30374753451676534,2.7282712681146584
the offspring,linkin park,0.0158,0.2677966101694916,2.7270530567158002
coldplay,radiohead,0.011066666666666667,0.49112426035502965,2.7244319176499427
tv on the radio,radiohead,0.010666666666666666,0.49079754601226994,2.72261952299706
the rolling stones,the beatles,0.030466666666666666,0.48411016949152547,2.721758823977842
green day,linkin park,0.018933333333333333,0.26716839134524933,2.7206557163467346
kaiser chiefs,coldplay,0.013466666666666667,0.4307036247334755,2.716801669891561
nirvana,radiohead,0.010533333333333334,0.4891640866873065,2.7135581731914193
interpol,radiohead,0.024333333333333332,0.4886211512717537,2.710546327321119
the smashing pumpkins,radiohead,0.029933333333333333,0.4885745375408052,2.710287745233757
a perfect circle,muse,0.011333333333333334,0.308529945553539,2.7048212643501377
coldplay,radiohead,0.0112,0.48695652173913045,2.701312065860561
placebo,radiohead,0.013666666666666667,0.48693586698337293,2.701197486963977
iron maiden,led zeppelin,0.012666666666666666,0.2137232845894263,2.6985263205735643
queens of the stone age,muse,0.0152,0.30727762803234504,2.693842443299343
the smashing pumpkins,nirvana,0.0162,0.264417845484222,2.692646084360713
coldplay,the beatles,0.010733333333333333,0.47633136094674555,2.6780248928790042
u2,coldplay,0.0288,0.4235294117647058,2.6715480136545784
coldplay,radiohead,0.013066666666666667,0.4815724815724816,2.6714449791372874
the offspring,nirvana,0.015466666666666667,0.2621468926553672,2.6695202918061836
franz ferdinand,muse,0.01806666666666667,0.3044943820224719,2.6694422737212617
the strokes,muse,0.0164,0.30370370370370375,2.662510552633288
nightwish,system of a down,0.015,0.24219590958019374,2.661493511870261
coldplay,radiohead,0.011333333333333334,0.47887323943661975,2.656471372614385
muse,the killers,0.029733333333333334,0.26066627703097606,2.6544427396229744
incubus,red hot chili peppers,0.016933333333333335,0.31592039800995025,2.653306814193311
marilyn manson,placebo,0.01,0.20519835841313272,2.648860048362298
led zeppelin,queen,0.016266666666666665,0.20538720538720534,2.6422024706758833
ac/dc,queen,0.0126,0.2052117263843648,2.6399450220973173
coldplay,radiohead,0.011133333333333334,0.4757834757834758,2.639331411520761
incubus,muse,0.016133333333333333,0.30099502487562185,2.638764098851156
coldplay,the killers,0.04106666666666667,0.2590412111017662,2.6378942067389635
the velvet underground,the beatles,0.0142,0.4691629955947137,2.6377229887259013
jimi hendrix,nirvana,0.0102,0.2588832487309645,2.6362856286248935
radiohead,the beatles,0.016066666666666667,0.4688715953307393,2.636084681394711
fall out boy,the killers,0.013333333333333334,0.25806451612903225,2.6279482294198804
pink floyd,queen,0.0214,0.2039390088945362,2.623572155590088
the beach boys,the beatles,0.013466666666666667,0.46651270207852197,2.622822537922725
coldplay,radiohead,0.018333333333333333,0.4725085910652921,2.621164521442079
eels,radiohead,0.010733333333333333,0.472140762463343,2.619124052126533
arcade fire,radiohead,0.022466666666666666,0.4719887955182072,2.618281040226741
coldplay,red hot chili peppers,0.012066666666666667,0.31099656357388317,2.611953221505178
queens of the stone age,led zeppelin,0.0102,0.20619946091644206,2.6035285469247733
animal collective,radiohead,0.015866666666666668,0.468503937007874,2.5989493547034432
the smashing pumpkins,placebo,0.012333333333333333,0.2013057671381937,2.5986114518699703
fleet foxes,radiohead,0.0108,0.4682080924855492,2.597308205356227
linkin park,system of a down,0.0232,0.23625254582484725,2.5961818222510686
the white stripes,led zeppelin,0.0142,0.20520231213872833,2.590938284579903
the offspring,red hot chili peppers,0.018133333333333335,0.3073446327683616,2.5812819101486135
queens of the stone age,nirvana,0.012533333333333334,0.2533692722371968,2.5801351551649367
the kooks,death cab for cutie,0.010133333333333333,0.20965517241379308,2.577727529677784
the kooks,coldplay,0.019733333333333332,0.4082758620689655,2.5753313418984365
black sabbath,pink floyd,0.010266666666666667,0.27017543859649124,2.574734167056778
pj harvey,radiohead,0.013533333333333333,0.4634703196347032,2.571026181405528
aerosmith,red hot chili peppers,0.010333333333333333,0.3057199211045365,2.5676365154356366
the national,radiohead,0.011066666666666667,0.4623955431754875,2.5650640338876896
coldplay,radiohead,0.014133333333333333,0.46187363834422657,2.562168851761612
the white stripes,nirvana,0.0174,0.2514450867052023,2.560540597812651
green day,red hot chili peppers,0.0216,0.3047977422389464,2.559891452174802
arctic monkeys,radiohead,0.011,0.4608938547486033,2.556733661697134
snow patrol,muse,0.014666666666666666,0.291005291005291,2.5511860695963557
maroon 5,coldplay,0.013066666666666667,0.40412371134020625,2.549140315434438
rage against the machine,red hot chili peppers,0.016,0.3034134007585335,2.548264843996642
the shins,radiohead,0.02266666666666667,0.4588394062078273,2.545336942720936
nirvana,red hot chili peppers,0.029733333333333334,0.3027834351663272,2.542973979560419
coldplay,red hot chili peppers,0.0134,0.30225563909774433,2.53854120182876
sufjan stevens,radiohead,0.02266666666666667,0.4557640750670242,2.5282770436410367
interpol,muse,0.014333333333333333,0.2878179384203481,2.5232431772678092
blink-182,linkin park,0.014266666666666667,0.2476851851851852,2.522252394961153
koЯn,nirvana,0.012133333333333333,0.2462787550744249,2.507930296073573
oasis,red hot chili peppers,0.017466666666666665,0.2984054669703872,2.5062049297624904
pearl jam,pink floyd,0.0124,0.2627118644067797,2.50360734822217
bloc party,muse,0.019066666666666666,0.28542914171656686,2.502301067065168
nirvana,system of a down,0.022333333333333334,0.22742701968771217,2.499198018546288
devendra banhart,radiohead,0.010666666666666666,0.449438202247191,2.4931852935310155
incubus,death cab for cutie,0.010866666666666667,0.2027363184079602,2.492659652556888
placebo,the killers,0.018933333333333333,0.24440619621342513,2.488861468568484
rage against the machine,metallica,0.0146,0.27686472819216185,2.486808935857741
the offspring,metallica,0.01633333333333333,0.2768361581920904,2.4865523190906322
elliott smith,radiohead,0.018266666666666667,0.44771241830065356,2.4836117879104305
mogwai,radiohead,0.0156,0.4474187380497132,2.4819826445065454
coldplay,radiohead,0.010533333333333334,0.4450704225352113,2.4689557463121927
sigur rós,death cab for cutie,0.013933333333333334,0.20076849183477424,2.4684650635423067
radiohead,the beatles,0.010466666666666668,0.43854748603351956,2.4655968105332806
neil young,the beatles,0.013,0.4382022471910112,2.4636558125431662
oasis,muse,0.0164,0.28018223234624146,2.456302446051211
foo fighters,muse,0.020533333333333334,0.28,2.4547048509643488
the kooks,muse,0.013533333333333333,0.27999999999999997,2.4547048509643483
foo fighters,the killers,0.017666666666666667,0.2409090909090909,2.4532493982595818
marilyn manson,nirvana,0.011733333333333333,0.24076607387140905,2.4517930129471392
the strokes,radiohead,0.023866666666666668,0.4419753086419753,2.4517861056322596
björk,radiohead,0.0282,0.441544885177453,2.449398401502143
jack johnson,coldplay,0.021733333333333334,0.3857988165680474,2.4335501465604334
tool,metallica,0.013733333333333334,0.2703412073490814,2.428214437267198
sonic youth,radiohead,0.0166,0.437609841827768,2.4275693888374708
led zeppelin,nirvana,0.018866666666666667,0.2382154882154882,2.425819635595603
coldplay,muse,0.012266666666666667,0.27669172932330827,2.425701893541569
david bowie,the beatles,0.031733333333333336,0.4307692307692308,2.421865990081882
green day,system of a down,0.0156,0.22013170272812796,2.4190297003090984
jimi hendrix,red hot chili peppers,0.011266666666666666,0.2859560067681895,2.401646193461838
explosions in the sky,radiohead,0.0114,0.4329113924050633,2.401505505205603
oasis,nirvana,0.0138,0.2357630979498861,2.4008462113023024
the flaming lips,the beatles,0.010533333333333334,0.42702702702702705,2.400826613720167
red hot chili peppers,system of a down,0.026,0.21836506159014557,2.399616061430171
pearl jam,metallica,0.012533333333333334,0.2655367231638418,2.385060387699178
pearl jam,red hot chili peppers,0.0134,0.2838983050847458,2.3843642644295557
the postal service,coldplay,0.012333333333333333,0.3775510204081633,2.381524518974958
my chemical romance,muse,0.0114,0.2714285714285714,2.379560824914419
led zeppelin,the beatles,0.033466666666666665,0.4225589225589225,2.3757060863507635
koЯn,red hot chili peppers,0.013933333333333334,0.28281461434370775,2.3752627184521926
death cab for cutie,coldplay,0.0306,0.37622950819672135,2.373188655572254
eric clapton,the beatles,0.0104,0.4216216216216216,2.3704364034199115
modest mouse,radiohead,0.022133333333333335,0.42728442728442734,2.3702908318292937
ac/dc,pink floyd,0.015266666666666666,0.24864277958740497,2.3695309363475694
josé gonzález,radiohead,0.011,0.4252577319587629,2.359048069297871
green day,nirvana,0.01633333333333333,0.23047977422389462,2.3470445440315135
portishead,radiohead,0.027733333333333332,0.4227642276422764,2.345215759849906
cat power,radiohead,0.016,0.4225352112676056,2.3439453287773984
iron & wine,radiohead,0.0132,0.4212765957446809,2.3369633639682745
evanescence,system of a down,0.010933333333333333,0.21161290322580645,2.325416518964906
of montreal,radiohead,0.011733333333333333,0.41904761904761906,2.3245984784446323
belle and sebastian,radiohead,0.0206,0.4186991869918699,2.322665608312888
slipknot,nirvana,0.010266666666666667,0.227810650887574,2.3198640619915887
the decemberists,radiohead,0.013266666666666666,0.41719077568134166,2.314297942019277
death cab for cutie,the killers,0.018466666666666666,0.22704918032786886,2.3121097793062004
air,radiohead,0.029,0.41666666666666674,2.311390532544379
metallica,nirvana,0.025266666666666666,0.2269461077844311,2.3110601607375876
bob dylan,pink floyd,0.0168,0.2423076923076923,2.309158440035187
bright eyes,radiohead,0.015733333333333332,0.41622574955908287,2.3089446166369245
pixies,radiohead,0.020666666666666667,0.4149933065595716,2.302107839642594
tool,pink floyd,0.012266666666666667,0.2414698162729659,2.3011735985352533
nick drake,the beatles,0.010066666666666666,0.4092140921409214,2.300678928828269
marilyn manson,metallica,0.012466666666666666,0.2558139534883721,2.2977301211530428
queens of the stone age,radiohead,0.020466666666666668,0.41374663072776285,2.295192108327087
radiohead,the beatles,0.011533333333333333,0.4080188679245283,2.2939591524992218
franz ferdinand,coldplay,0.021533333333333335,0.36292134831460676,2.289243155895333
u2,red hot chili peppers,0.018533333333333332,0.2725490196078431,2.2890455174230944
travis,radiohead,0.010066666666666666,0.4125683060109289,2.28865554369968
coldplay,the beatles,0.0106,0.40664961636828645,2.286260961590816
the doors,the beatles,0.0234,0.40625,2.284014242878561
kings of convenience,radiohead,0.0118,0.41067285382830626,2.2781408311481486
coldplay,red hot chili peppers,0.0148,0.27106227106227104,2.276558827510675
iron maiden,system of a down,0.012266666666666667,0.20697412823397074,2.274440969604074
jimi hendrix,the beatles,0.015933333333333334,0.4043993231810491,2.2736093881993016
beirut,radiohead,0.0174,0.40973312401883827,2.272927832944739
david bowie,pink floyd,0.017533333333333335,0.23800904977375567,2.2681929775135545
arctic monkeys,coldplay,0.027133333333333332,0.35954063604240283,2.267918225666965
blink-182,system of a down,0.011866666666666666,0.20601851851851852,2.263939763939764
hot chip,radiohead,0.011333333333333334,0.40669856459330145,2.2560941083208292
foo fighters,linkin park,0.016133333333333333,0.22,2.240325865580448
elvis presley,the beatles,0.014333333333333333,0.39741219963031427,2.2343264596906725
the white stripes,muse,0.0176,0.254335260115607,2.2297071313466423
radiohead,the beatles,0.012466666666666666,0.3961864406779661,2.227435011307905
r.e.m.,pink floyd,0.011466666666666667,0.23337856173677068,2.224065073730343
rammstein,linkin park,0.015266666666666666,0.21788772597526165,2.2188159467949253
tool,nirvana,0.011066666666666667,0.2178477690288714,2.218409053247163
radiohead,the beatles,0.012466666666666666,0.3945147679324894,2.2180365513445803
placebo,nirvana,0.016866666666666665,0.21772805507745263,2.217189970238825
the white stripes,the killers,0.015066666666666667,0.21772639691714837,2.2171730846960123
u2,the killers,0.0148,0.21764705882352942,2.2163651611357373
nightwish,linkin park,0.013466666666666667,0.21743810548977396,2.214237326779776
green day,the killers,0.0154,0.21730950141110067,2.2129277129439986
gorillaz,red hot chili peppers,0.0148,0.2621015348288076,2.2013006844524714
r.e.m.,radiohead,0.019466666666666667,0.39620081411126185,2.1978595457355503
nickelback,red hot chili peppers,0.010333333333333333,0.26138279932546377,2.1952642720503674
radiohead,red hot chili peppers,0.0112,0.26046511627906976,2.1875569676293654
the cranberries,coldplay,0.010466666666666668,0.3465783664459161,2.186154540239168
tool,muse,0.012666666666666666,0.24934383202099739,2.1859482643570782
the white stripes,radiohead,0.027266666666666668,0.3940269749518305,2.185800526729829
arcade fire,the killers,0.0102,0.21428571428571427,2.1821355833575793
blur,coldplay,0.0116,0.34592445328031807,2.182029772584008
blur,the beatles,0.013,0.38767395626242546,2.179576215868209
radiohead,the beatles,0.0118,0.3864628820960699,2.17276732812633
bloc party,coldplay,0.023,0.344311377245509,2.1718547765696528
the shins,the killers,0.010533333333333334,0.21322537112010798,2.171337791447128
of montreal,the beatles,0.0108,0.38571428571428573,2.16855857785393
incubus,linkin park,0.0114,0.2126865671641791,2.165850989451926
tom waits,pink floyd,0.010066666666666666,0.22638680659670163,2.157434624492074
coldplay,the beatles,0.011733333333333333,0.383442265795207,2.1557848526717036
queen,the beatles,0.0298,0.3833619210977702,2.1553331396051547
pearl jam,radiohead,0.018333333333333333,0.3884180790960452,2.154686089660014
radiohead,the beatles,0.011466666666666667,0.3830734966592428,2.153711562926777
incubus,nirvana,0.011333333333333334,0.21144278606965175,2.1531851941919733
beck,the beatles,0.022,0.382830626450116,2.1523461007315365
death cab for cutie,radiohead,0.031466666666666664,0.38688524590163936,2.1461829469395677
coldplay,muse,0.0388,0.2447434819175778,2.145617901089227
the white stripes,red hot chili peppers,0.017666666666666667,0.25529865125240847,2.1441656040235872
pixies,nirvana,0.010466666666666668,0.21017402945113792,2.140265065693869
the shins,the beatles,0.0188,0.38056680161943324,2.1396184498843698
aphex twin,radiohead,0.0148,0.38541666666666674,2.1380362426035506
led zeppelin,metallica,0.0188,0.23737373737373738,2.132099437488659
bloc party,radiohead,0.025666666666666667,0.38423153692614775,2.131461928214577
pink floyd,the beatles,0.03966666666666667,0.37801778907242695,2.1252874198224903
franz ferdinand,red hot chili peppers,0.015,0.25280898876404495,2.123255784692427
the decemberists,the beatles,0.012,0.3773584905660377,2.1215807190744247
incubus,coldplay,0.018,0.33582089552238803,2.1182983317223805
radiohead,the beatles,0.010066666666666666,0.3765586034912718,2.1170836028369853
moby,coldplay,0.02033333333333333,0.33516483516483514,2.114160019963216
kings of leon,muse,0.0146,0.24092409240924093,2.1121340655398093
u2,pink floyd,0.015066666666666667,0.22156862745098038,2.111518050676433
the strokes,coldplay,0.01806666666666667,0.3345679012345679,2.1103946671650626
coldplay,radiohead,0.010066666666666666,0.380352644836272,2.109944405526657
the smashing pumpkins,muse,0.014733333333333333,0.24047878128400435,2.1082301106137145
boards of canada,radiohead,0.015933333333333334,0.37996820349761523,2.107811779757481
norah jones,coldplay,0.011666666666666667,0.3333333333333333,2.1026072329688814
r.e.m.,the beatles,0.018333333333333333,0.3731343283582089,2.097831681174338
arctic monkeys,red hot chili peppers,0.0188,0.24911660777385158,2.092244746140971
muse,radiohead,0.043,0.3769725306838106,2.0911937722844525
the postal service,radiohead,0.012266666666666667,0.3755102040816327,2.0830817534114243
neil young,radiohead,0.011133333333333334,0.3752808988764045,2.0818097200983976
belle and sebastian,the beatles,0.0182,0.3699186991869919,2.0797528065235675
mgmt,coldplay,0.0144,0.32926829268292684,2.0769656813473096
elliott smith,the beatles,0.015066666666666667,0.36928104575163395,2.076167798453714
feist,radiohead,0.0182,0.37346101231190154,2.0717141955172056
the white stripes,the beatles,0.025466666666666665,0.3680154142581888,2.0690521791127554
nine inch nails,muse,0.015666666666666666,0.23570712136409228,2.066397907925999
the cure,radiohead,0.028266666666666666,0.3722563652326602,2.065031611867568
linkin park,red hot chili peppers,0.024066666666666667,0.24507807196198236,2.0583264722450925
queen,metallica,0.0178,0.22898799313893653,2.0567783814874536
oasis,radiohead,0.021666666666666667,0.3701594533029613,2.0533993341510426
blink-182,red hot chili peppers,0.014066666666666667,0.24421296296296297,2.051060719173821
blink-182,the killers,0.0116,0.20138888888888887,2.050803349174021
marilyn manson,muse,0.0114,0.2339261285909713,2.050784295069883
tom waits,the beatles,0.0162,0.36431784107946025,2.0482637242098587
jack johnson,red hot chili peppers,0.013733333333333334,0.24378698224852072,2.0474830535989983
coldplay,red hot chili peppers,0.0386,0.2434819175777965,2.0449209203062417
system of a down,muse,0.021133333333333334,0.23223443223443224,2.0359535263100432
foo fighters,coldplay,0.023666666666666666,0.3227272727272727,2.035706093738053
the smiths,radiohead,0.0192,0.3668789808917197,2.0352014472543623
a perfect circle,radiohead,0.013466666666666667,0.3666061705989111,2.033688076547214
kings of leon,coldplay,0.019533333333333333,0.32233223322332233,2.03321425498311
led zeppelin,red hot chili peppers,0.019133333333333332,0.24158249158249154,2.0289682943658303
bob marley,red hot chili peppers,0.011266666666666666,0.24108416547788872,2.0247830247303082
frank sinatra,the beatles,0.0108,0.36000000000000004,2.0239880059970017
metallica,red hot chili peppers,0.0268,0.2407185628742515,2.0217124541510483
kings of leon,radiohead,0.022066666666666665,0.3641364136413641,2.019987501708751
jimmy eat world,coldplay,0.010066666666666666,0.31991525423728817,2.0179683824892023
coldplay,the beatles,0.019533333333333333,0.35775335775335776,2.0113569588831957
iron & wine,the beatles,0.0112,0.3574468085106383,2.0096334811317744
david bowie,radiohead,0.02666666666666667,0.36199095022624433,2.008085892527243
r.e.m.,red hot chili peppers,0.011733333333333333,0.23880597014925373,2.0056492453744714
queens of the stone age,red hot chili peppers,0.0118,0.238544474393531,2.003453032420473
the clash,the beatles,0.0156,0.3561643835616438,2.0024234458113406
the strokes,red hot chili peppers,0.012866666666666667,0.23827160493827163,2.001161295674174
